timestamp,device_id,temperature,energy_consumption
2025-01-14 17:54:41.828859,Device_1,21.759740573459222,73.31532247912438
2025-01-14 17:54:41.829541,Device_2,22.61248548072946,102.36216090939003
2025-01-14 17:54:41.829548,Device_3,28.084814688162574,95.78471300746297
2025-01-14 17:54:41.829552,Device_4,34.37480637625788,111.50977807042688
2025-01-14 17:54:41.829556,Device_5,17.99463092887595,108.14182969919554
2025-01-14 17:54:41.829559,Device_6,27.50390804580936,103.56884576655327
2025-01-14 17:54:41.829562,Device_7,21.69213162257575,118.53718617504865
2025-01-14 17:54:41.829566,Device_8,23.554110169917276,105.61141241605061
2025-01-14 17:54:41.829569,Device_9,26.0837199487479,121.94639597595028
2025-01-14 17:54:41.829572,Device_10,25.096713855725255,87.83182496315419
2025-01-14 17:54:42.834704,Device_1,29.92232564932209,108.98306998334914
2025-01-14 17:54:42.834941,Device_2,22.3503721806882,125.92404309087809
2025-01-14 17:54:42.834961,Device_3,14.599337194666322,123.99951156497202
2025-01-14 17:54:42.834978,Device_4,22.914659733551673,106.69214919933648
2025-01-14 17:54:42.834995,Device_5,24.222685997639612,92.53849277124121
2025-01-14 17:54:42.835009,Device_6,30.88001626677954,111.57282314498622
2025-01-14 17:54:42.835023,Device_7,27.08235920385556,119.15856180928208
2025-01-14 17:54:42.835045,Device_8,18.479980353791035,77.37689092481229
2025-01-14 17:54:42.835061,Device_9,25.828505031460075,125.47182821962596
2025-01-14 17:54:42.835075,Device_10,22.055298086960434,80.85037413832393
2025-01-14 17:54:43.838383,Device_1,20.262998495106082,84.49210918877449
2025-01-14 17:54:43.838545,Device_2,15.543874196562893,112.94029689064203
2025-01-14 17:54:43.838562,Device_3,24.40919384289499,91.37934939538833
2025-01-14 17:54:43.838576,Device_4,24.56619841140631,107.81883830455598
2025-01-14 17:54:43.838590,Device_5,22.49138917121677,99.08707335681152
2025-01-14 17:54:43.838611,Device_6,23.5627337224779,83.06727557755849
2025-01-14 17:54:43.838627,Device_7,28.18021416709162,72.70030753951671
2025-01-14 17:54:43.838646,Device_8,26.740373475538053,114.12257601953267
2025-01-14 17:54:43.838659,Device_9,30.05307346994946,109.06172179202255
2025-01-14 17:54:43.838671,Device_10,20.871232013544727,106.86846352568466
2025-01-14 17:54:44.842573,Device_1,28.591258246135016,111.79627590974302
2025-01-14 17:54:44.842728,Device_2,17.43962690432003,139.42150625626456
2025-01-14 17:54:44.842736,Device_3,25.541465082747244,98.20531485007349
2025-01-14 17:54:44.842780,Device_4,22.585325695411566,111.58454664749286
2025-01-14 17:54:44.842788,Device_5,25.861236967162515,76.19787906875409
2025-01-14 17:54:44.842795,Device_6,16.202213160555864,111.5974478040193
2025-01-14 17:54:44.842801,Device_7,22.473819575677567,84.6027995373311
2025-01-14 17:54:44.842807,Device_8,17.875508717076613,117.71248296557609
2025-01-14 17:54:44.842813,Device_9,19.02154510085784,112.18963802062885
2025-01-14 17:54:44.842819,Device_10,24.00065198172788,109.99110858210668
2025-01-14 17:54:45.847922,Device_1,23.419329637315684,50.78393763584032
2025-01-14 17:54:45.848107,Device_2,26.886729149815757,121.2028724407338
2025-01-14 17:54:45.848129,Device_3,24.26942983969925,107.65547661512701
2025-01-14 17:54:45.848144,Device_4,19.08201953247609,110.71418512173712
2025-01-14 17:54:45.848157,Device_5,20.36461635199899,92.09419025983482
2025-01-14 17:54:45.848170,Device_6,16.875233006709866,105.2782397674994
2025-01-14 17:54:45.848183,Device_7,27.376362359106913,77.18391935252468
2025-01-14 17:54:45.848196,Device_8,30.48975644457121,104.59760929593821
2025-01-14 17:54:45.848208,Device_9,17.483222868387294,138.58124605444584
2025-01-14 17:54:45.848220,Device_10,26.154761392862614,117.53818645585409
2025-01-14 17:54:46.849699,Device_1,23.023903277537972,145.48300381928016
2025-01-14 17:54:46.849831,Device_2,26.681250480790442,157.91234983435746
2025-01-14 17:54:46.849839,Device_3,24.718782504297877,118.45163546391571
2025-01-14 17:54:46.849869,Device_4,28.559081317119514,99.88650016551009
2025-01-14 17:54:46.849876,Device_5,15.657603534112596,88.61286741895012
2025-01-14 17:54:46.849882,Device_6,22.23380783604444,95.75942707441499
2025-01-14 17:54:46.849888,Device_7,25.34998704523183,99.18891961799237
2025-01-14 17:54:46.849896,Device_8,25.584144882200484,83.62475780617221
2025-01-14 17:54:46.849904,Device_9,18.097524818496986,106.9940975425133
2025-01-14 17:54:46.849910,Device_10,39.18086148100906,95.45099339111482
2025-01-14 17:54:47.855226,Device_1,20.233185439756355,107.29547302439293
2025-01-14 17:54:47.855734,Device_2,23.3208922226024,106.03775115580737
2025-01-14 17:54:47.855754,Device_3,24.202502014469914,70.1358861668946
2025-01-14 17:54:47.855761,Device_4,23.43970634221619,63.228782632912754
2025-01-14 17:54:47.855766,Device_5,26.5390527173971,83.98550941956219
2025-01-14 17:54:47.855821,Device_6,24.678026496272953,88.15078927555815
2025-01-14 17:54:47.855836,Device_7,26.823941648644112,78.3153004331162
2025-01-14 17:54:47.855861,Device_8,22.137342460077882,100.65682889614904
2025-01-14 17:54:47.855867,Device_9,29.331417903275906,89.06290030813774
2025-01-14 17:54:47.855872,Device_10,23.065288767902974,94.05548743295711
2025-01-14 17:54:48.855989,Device_1,20.02136519005028,88.3810123148092
2025-01-14 17:54:48.856116,Device_2,26.5081554240924,126.79015372506888
2025-01-14 17:54:48.856125,Device_3,33.06836895743872,81.63394090229934
2025-01-14 17:54:48.856131,Device_4,30.293676497025892,100.22769083867637
2025-01-14 17:54:48.856136,Device_5,23.62443005040703,97.64700181073977
2025-01-14 17:54:48.856142,Device_6,32.859432771070004,98.02611342941113
2025-01-14 17:54:48.856147,Device_7,28.8352280647944,95.06394581284476
2025-01-14 17:54:48.856158,Device_8,21.604245834894307,79.4816669947011
2025-01-14 17:54:48.856164,Device_9,37.14190563109195,61.99875986179001
2025-01-14 17:54:48.856171,Device_10,13.142757112117486,93.20432027269815
2025-01-14 17:54:49.860074,Device_1,19.38765131729097,81.3276738729048
2025-01-14 17:54:49.860175,Device_2,20.775297198750867,99.71281625125053
2025-01-14 17:54:49.860183,Device_3,28.699160549541645,118.38482109153686
2025-01-14 17:54:49.860189,Device_4,28.936876122090993,104.80629758112457
2025-01-14 17:54:49.860193,Device_5,29.148154404714337,113.36960052929739
2025-01-14 17:54:49.860199,Device_6,23.166478352730696,107.05506318498702
2025-01-14 17:54:49.860204,Device_7,28.696277172113934,54.253316883706965
2025-01-14 17:54:49.860209,Device_8,34.86722932776875,84.34927780698902
2025-01-14 17:54:49.860214,Device_9,24.886818987546672,125.96956663844479
2025-01-14 17:54:49.860218,Device_10,28.00002759713963,115.81828403087502
2025-01-14 17:54:50.865311,Device_1,22.684400365354097,87.32509328250404
2025-01-14 17:54:50.865463,Device_2,33.31436020067307,97.51910882144769
2025-01-14 17:54:50.865482,Device_3,26.38100071463394,73.02809298858764
2025-01-14 17:54:50.865502,Device_4,16.487200477473312,81.29217824030475
2025-01-14 17:54:50.865516,Device_5,25.647639484510098,86.73785435734857
2025-01-14 17:54:50.865529,Device_6,20.84366986653958,86.2871101985621
2025-01-14 17:54:50.865542,Device_7,29.381734890907154,132.99691251520204
2025-01-14 17:54:50.865555,Device_8,36.328605873940816,66.58796639701609
2025-01-14 17:54:50.865567,Device_9,22.053945900288287,126.30036485018691
2025-01-14 17:54:50.865579,Device_10,25.283055376641666,90.16984828085452
2025-01-14 17:54:51.866959,Device_1,14.492595161551286,94.7285863954796
2025-01-14 17:54:51.867101,Device_2,29.165811067667068,99.99574912920325
2025-01-14 17:54:51.867112,Device_3,33.585110393269865,86.40377237982447
2025-01-14 17:54:51.867120,Device_4,18.90077544504621,115.26277197758783
2025-01-14 17:54:51.867128,Device_5,30.24412267926505,74.87423476895702
2025-01-14 17:54:51.867135,Device_6,25.010630035418313,118.34714043405941
2025-01-14 17:54:51.867142,Device_7,16.359607506948016,117.22470997113373
2025-01-14 17:54:51.867149,Device_8,22.251704774233566,116.28109027151805
2025-01-14 17:54:51.867157,Device_9,25.352013438268752,110.28574976124308
2025-01-14 17:54:51.867265,Device_10,14.500450693247275,112.89377776250667
2025-01-14 17:54:52.873296,Device_1,33.888727144709264,123.9633951100588
2025-01-14 17:54:52.873431,Device_2,19.65488075572228,113.21706404118359
2025-01-14 17:54:52.873443,Device_3,21.820433333214094,135.76893429758871
2025-01-14 17:54:52.873447,Device_4,24.312157479918586,90.54354488161232
2025-01-14 17:54:52.873451,Device_5,27.260812535074336,84.38904862732153
2025-01-14 17:54:52.873455,Device_6,25.620487393918296,98.08920484712299
2025-01-14 17:54:52.873459,Device_7,25.647477493950188,102.0058254784831
2025-01-14 17:54:52.873463,Device_8,29.308768429999365,124.92899839935336
2025-01-14 17:54:52.873467,Device_9,28.307282285947842,99.74720091914999
2025-01-14 17:54:52.873471,Device_10,27.60632122453347,76.32018216367558
2025-01-14 17:54:53.878537,Device_1,29.47316236916869,119.05279835749877
2025-01-14 17:54:53.878718,Device_2,28.22337458782633,103.46737603431384
2025-01-14 17:54:53.878742,Device_3,27.41636461761449,118.46008123150509
2025-01-14 17:54:53.878753,Device_4,25.791590328444506,121.19516301611544
2025-01-14 17:54:53.878762,Device_5,27.321629149224925,72.3831994450756
2025-01-14 17:54:53.878772,Device_6,17.656325234204516,91.84815075736768
2025-01-14 17:54:53.878781,Device_7,26.61112654179913,69.84268906185791
2025-01-14 17:54:53.878789,Device_8,24.225140176334328,108.77449384719519
2025-01-14 17:54:53.878798,Device_9,22.394484216305983,126.30698110994825
2025-01-14 17:54:53.878814,Device_10,21.5012669304921,116.48732442640461
2025-01-14 17:54:54.882381,Device_1,32.784045771462324,116.69666354628156
2025-01-14 17:54:54.882544,Device_2,16.642590609891638,101.5251103638212
2025-01-14 17:54:54.882561,Device_3,36.93426337173207,92.36232908002088
2025-01-14 17:54:54.882575,Device_4,23.790907438269336,137.54501033243096
2025-01-14 17:54:54.882589,Device_5,31.407546813399705,99.23779276312247
2025-01-14 17:54:54.882601,Device_6,24.80842275538889,88.86282585696304
2025-01-14 17:54:54.882613,Device_7,25.41066084049249,103.89583547356469
2025-01-14 17:54:54.882626,Device_8,28.119021793877284,98.08354587503639
2025-01-14 17:54:54.882639,Device_9,26.686677276729736,121.65602887676965
2025-01-14 17:54:54.882652,Device_10,23.267213550274725,87.12212408343056
2025-01-14 17:54:55.883792,Device_1,25.33513608786181,88.48661030649842
2025-01-14 17:54:55.884156,Device_2,22.820197698874367,87.53088179537676
2025-01-14 17:54:55.884176,Device_3,13.700209551435359,113.38933476422615
2025-01-14 17:54:55.884192,Device_4,20.381941011710776,105.01171788863621
2025-01-14 17:54:55.884205,Device_5,23.10800123142109,89.66529460404541
2025-01-14 17:54:55.884220,Device_6,31.439806269544448,82.28598102061726
2025-01-14 17:54:55.884234,Device_7,30.880340986117677,101.8055084067325
2025-01-14 17:54:55.884253,Device_8,28.956034944616434,113.03608832416612
2025-01-14 17:54:55.884271,Device_9,33.786829403751,87.2968292533482
2025-01-14 17:54:55.884305,Device_10,20.40727325184538,106.83845102831252
2025-01-14 17:54:56.886119,Device_1,26.125951831645416,105.52665924361078
2025-01-14 17:54:56.886271,Device_2,21.119939067005337,81.59463137033562
2025-01-14 17:54:56.886283,Device_3,27.425688727188888,73.87099217464855
2025-01-14 17:54:56.886290,Device_4,28.916254069924875,117.71654596294675
2025-01-14 17:54:56.886297,Device_5,29.806375356598846,92.98458819596529
2025-01-14 17:54:56.886304,Device_6,20.47165001504911,125.33355626446775
2025-01-14 17:54:56.886310,Device_7,31.823634194041183,98.79622645029373
2025-01-14 17:54:56.886316,Device_8,26.339400688577108,99.3039958541014
2025-01-14 17:54:56.886322,Device_9,22.631637629452545,89.98516120572413
2025-01-14 17:54:56.886328,Device_10,17.922508983184258,115.2883197649119
2025-01-14 17:54:57.891580,Device_1,28.3052550690735,119.81716213448054
2025-01-14 17:54:57.891645,Device_2,28.359638144097765,93.79549303906812
2025-01-14 17:54:57.891653,Device_3,32.914584524459706,123.12197731909782
2025-01-14 17:54:57.891658,Device_4,31.702755290041882,108.9034304257056
2025-01-14 17:54:57.891664,Device_5,21.753215314879466,75.2632598074168
2025-01-14 17:54:57.891669,Device_6,15.86430569719065,92.67464383644437
2025-01-14 17:54:57.891681,Device_7,25.263500670532203,93.65291557177837
2025-01-14 17:54:57.891688,Device_8,23.85315152044318,117.36718213569617
2025-01-14 17:54:57.891734,Device_9,29.786774040609735,91.59285703532126
2025-01-14 17:54:57.891742,Device_10,23.976487687113718,126.81216036752146
2025-01-14 17:54:58.895662,Device_1,20.580213194750872,57.905686365294784
2025-01-14 17:54:58.895811,Device_2,27.461479479143037,53.40103171450504
2025-01-14 17:54:58.895828,Device_3,27.71287086904051,119.65269806480579
2025-01-14 17:54:58.895870,Device_4,22.195993835715498,132.72339797549338
2025-01-14 17:54:58.895887,Device_5,31.02430373965066,98.3623313801238
2025-01-14 17:54:58.895900,Device_6,28.431075584288582,88.80077424771866
2025-01-14 17:54:58.895912,Device_7,32.28132005520324,89.99357138940697
2025-01-14 17:54:58.895926,Device_8,31.508887275632542,121.20543403157617
2025-01-14 17:54:58.895939,Device_9,28.44519957199889,120.44931416306797
2025-01-14 17:54:58.895966,Device_10,19.41337132990802,111.84158399765887
2025-01-14 17:54:59.896232,Device_1,26.575795245651616,82.90302608493276
2025-01-14 17:54:59.896371,Device_2,29.77603618811769,135.78485992512077
2025-01-14 17:54:59.896378,Device_3,20.516913391198187,98.67200838653022
2025-01-14 17:54:59.896385,Device_4,22.795669125188727,65.35124180522355
2025-01-14 17:54:59.896434,Device_5,28.099159092031485,106.8348620759847
2025-01-14 17:54:59.896441,Device_6,25.125849771895865,73.90598952451703
2025-01-14 17:54:59.896447,Device_7,22.914939681443297,97.16881592754163
2025-01-14 17:54:59.896454,Device_8,25.308289847185883,128.75055400903292
2025-01-14 17:54:59.896459,Device_9,25.249496031655806,102.51471989353608
2025-01-14 17:54:59.896465,Device_10,20.403742724622102,73.28147307774758
2025-01-14 17:55:00.901550,Device_1,21.82980203889597,86.83666408856082
2025-01-14 17:55:00.901646,Device_2,27.009220327258504,93.66349797554669
2025-01-14 17:55:00.901664,Device_3,23.05748227925767,142.3013332620438
2025-01-14 17:55:00.901677,Device_4,22.479055316048548,118.36394550477938
2025-01-14 17:55:00.901703,Device_5,25.00670745123751,91.19773938620455
2025-01-14 17:55:00.901716,Device_6,29.19375457456141,76.14646003024123
2025-01-14 17:55:00.901729,Device_7,21.324803003762295,112.70208227587862
2025-01-14 17:55:00.901742,Device_8,20.80896129935974,127.83445409786721
2025-01-14 17:55:00.901753,Device_9,27.315888005109255,91.71041782686774
2025-01-14 17:55:00.901784,Device_10,27.49572816608123,76.79961051108535
2025-01-14 17:55:01.903936,Device_1,27.08935868147252,129.40540868007488
2025-01-14 17:55:01.904124,Device_2,27.69930427747594,71.72022647785765
2025-01-14 17:55:01.904144,Device_3,13.340185760427278,82.14264588105881
2025-01-14 17:55:01.904158,Device_4,24.371570665704244,62.39794887056112
2025-01-14 17:55:01.904171,Device_5,26.717824680556927,94.42204510696793
2025-01-14 17:55:01.904184,Device_6,24.766540670056397,116.32399276435987
2025-01-14 17:55:01.904196,Device_7,26.685487504401134,122.96817746991574
2025-01-14 17:55:01.904209,Device_8,32.00529759403598,105.97667641676759
2025-01-14 17:55:01.904221,Device_9,22.595932054794318,98.04902091956876
2025-01-14 17:55:01.904235,Device_10,29.983974231179037,106.83087887141116
2025-01-14 17:55:02.905101,Device_1,20.798002752496902,121.09580414527119
2025-01-14 17:55:02.905202,Device_2,28.009171685087544,132.1043721665837
2025-01-14 17:55:02.905219,Device_3,12.795927087556375,62.18514436315225
2025-01-14 17:55:02.905232,Device_4,37.05224758752226,126.51027821159593
2025-01-14 17:55:02.905245,Device_5,27.579184832345323,154.76111521551218
2025-01-14 17:55:02.905257,Device_6,26.852133079946398,100.1631404104809
2025-01-14 17:55:02.905269,Device_7,20.46436375352942,128.5402625499063
2025-01-14 17:55:02.905281,Device_8,24.944204509034176,101.72331051831583
2025-01-14 17:55:02.905292,Device_9,32.62466370945809,71.76356091582122
2025-01-14 17:55:02.905304,Device_10,25.0014935419939,107.19218724716188
2025-01-14 17:55:03.905461,Device_1,23.367610503817005,97.95238388923006
2025-01-14 17:55:03.905593,Device_2,24.350085618054315,104.37533460452072
2025-01-14 17:55:03.905603,Device_3,24.113976620378775,99.54998879421684
2025-01-14 17:55:03.905611,Device_4,27.138383973095685,109.7650552495628
2025-01-14 17:55:03.905619,Device_5,19.616090647642217,60.99607890127729
2025-01-14 17:55:03.905626,Device_6,24.37286267564524,91.38378148990334
2025-01-14 17:55:03.905633,Device_7,33.612676218404104,109.55671954124377
2025-01-14 17:55:03.905640,Device_8,22.700189713583793,102.8937192317339
2025-01-14 17:55:03.905647,Device_9,22.518809457035605,80.78565319716411
2025-01-14 17:55:03.905654,Device_10,30.28477841014973,91.5881503493249
2025-01-14 17:55:04.910752,Device_1,32.73571380948956,101.57509313732393
2025-01-14 17:55:04.910935,Device_2,21.00246267575544,110.35141736329346
2025-01-14 17:55:04.910954,Device_3,21.16985962565166,115.41265277358602
2025-01-14 17:55:04.910974,Device_4,13.059870226688062,106.60632737454694
2025-01-14 17:55:04.910988,Device_5,23.71666204376471,78.939572176895
2025-01-14 17:55:04.911001,Device_6,25.745051096598527,106.58749379264066
2025-01-14 17:55:04.911015,Device_7,31.018473189871514,75.58794660210049
2025-01-14 17:55:04.911030,Device_8,32.188293018763126,136.47148144962514
2025-01-14 17:55:04.911045,Device_9,28.463259697839774,102.28294364800091
2025-01-14 17:55:04.911058,Device_10,31.785025335685084,103.58475233649597
2025-01-14 17:55:05.913517,Device_1,31.514937363338277,117.41194436154103
2025-01-14 17:55:05.913652,Device_2,19.384710524281633,114.61115506625518
2025-01-14 17:55:05.913660,Device_3,17.435644319896305,80.26466499215213
2025-01-14 17:55:05.913666,Device_4,18.560352399328607,131.55901516205495
2025-01-14 17:55:05.913671,Device_5,30.899223127080422,100.99482313178203
2025-01-14 17:55:05.913677,Device_6,32.13379307329219,104.85345771096783
2025-01-14 17:55:05.913681,Device_7,16.925387401683388,76.3063725397778
2025-01-14 17:55:05.913689,Device_8,32.23776970154585,122.34282484670425
2025-01-14 17:55:05.913698,Device_9,28.748609405159154,79.82700631625178
2025-01-14 17:55:05.913703,Device_10,24.312926137339264,121.78690432326377
2025-01-14 17:55:06.915389,Device_1,24.210213167915605,98.3183114312135
2025-01-14 17:55:06.915583,Device_2,19.32130553983861,109.28173280145214
2025-01-14 17:55:06.915600,Device_3,19.17571446299139,89.35105182771252
2025-01-14 17:55:06.915616,Device_4,24.794885500052864,99.58114653294619
2025-01-14 17:55:06.915630,Device_5,32.3734484112347,97.9833261024175
2025-01-14 17:55:06.915644,Device_6,23.148636713662377,74.61154985355347
2025-01-14 17:55:06.915658,Device_7,21.7627439173497,67.54777371286897
2025-01-14 17:55:06.915690,Device_8,19.085832932432798,97.99734253435753
2025-01-14 17:55:06.915703,Device_9,24.545489264894474,118.02013492473355
2025-01-14 17:55:06.915716,Device_10,34.039881480903624,83.75607407035515
2025-01-14 17:55:07.920814,Device_1,24.81643231781916,110.00043565343074
2025-01-14 17:55:07.920934,Device_2,20.727895261225154,76.869909943236
2025-01-14 17:55:07.920943,Device_3,24.895214498364563,77.61611988827295
2025-01-14 17:55:07.920948,Device_4,25.8293290186906,88.0537001516707
2025-01-14 17:55:07.920954,Device_5,23.223446982635895,66.37828357691211
2025-01-14 17:55:07.920960,Device_6,21.157633773526854,78.5175104462548
2025-01-14 17:55:07.920966,Device_7,21.039111054028126,102.8217918906304
2025-01-14 17:55:07.920972,Device_8,23.59800987388019,81.78191578951188
2025-01-14 17:55:07.920978,Device_9,19.2834480284569,110.98862372414567
2025-01-14 17:55:07.920987,Device_10,21.791897629849906,73.36355485745138
2025-01-14 17:55:08.925394,Device_1,22.366360809099362,111.34711115303777
2025-01-14 17:55:08.925562,Device_2,17.576193564917833,125.17695847314342
2025-01-14 17:55:08.925580,Device_3,22.4962962341826,120.68394742042528
2025-01-14 17:55:08.925596,Device_4,18.203583298617932,93.99985204243724
2025-01-14 17:55:08.925609,Device_5,26.63420795909601,78.19559523579012
2025-01-14 17:55:08.925622,Device_6,24.682320970243314,77.71293496324647
2025-01-14 17:55:08.925635,Device_7,32.866865970058655,89.50751441185504
2025-01-14 17:55:08.925648,Device_8,18.84837140604228,76.95679018243918
2025-01-14 17:55:08.925660,Device_9,29.4586801447063,119.65311932320878
2025-01-14 17:55:08.925673,Device_10,32.86403733111239,105.07709293181723
2025-01-14 17:55:09.925839,Device_1,26.9780341672273,104.59470724579036
2025-01-14 17:55:09.925989,Device_2,16.37912978302268,142.46311928979148
2025-01-14 17:55:09.926007,Device_3,28.148001480419293,121.7118476733299
2025-01-14 17:55:09.926020,Device_4,31.71898418167815,123.42418272009037
2025-01-14 17:55:09.926034,Device_5,28.251553855818408,111.35664648738707
2025-01-14 17:55:09.926047,Device_6,29.899652064442265,94.51876775856256
2025-01-14 17:55:09.926061,Device_7,20.573234165061685,88.49927925392913
2025-01-14 17:55:09.926077,Device_8,33.069647413173854,120.48085865051414
2025-01-14 17:55:09.929367,Device_9,27.634446926047843,97.47347468114545
2025-01-14 17:55:09.929419,Device_10,31.577536902008855,98.96914828120454
2025-01-14 17:55:10.934528,Device_1,28.711199365645008,93.40843811908465
2025-01-14 17:55:10.934711,Device_2,32.55118220947039,65.30729023592129
2025-01-14 17:55:10.934728,Device_3,27.872093876866778,95.0247482147875
2025-01-14 17:55:10.934744,Device_4,18.995341615594356,94.37036797162412
2025-01-14 17:55:10.934758,Device_5,29.27757859201333,98.87491490916375
2025-01-14 17:55:10.934772,Device_6,33.302196626003095,81.48168388969341
2025-01-14 17:55:10.934787,Device_7,30.665237223048823,68.18927152551093
2025-01-14 17:55:10.934804,Device_8,17.214870318262463,116.92493659532155
2025-01-14 17:55:10.934816,Device_9,15.301745249873498,90.5314768811424
2025-01-14 17:55:10.934840,Device_10,14.417731606202334,99.1771408656046
2025-01-14 17:55:11.939430,Device_1,15.273272138193283,74.35929592224073
2025-01-14 17:55:11.939598,Device_2,23.83649527790588,116.61341408326395
2025-01-14 17:55:11.939616,Device_3,29.34768596671561,77.49440088927554
2025-01-14 17:55:11.939629,Device_4,13.419512580750776,99.48619484864817
2025-01-14 17:55:11.939642,Device_5,20.86357844885835,70.12246311913914
2025-01-14 17:55:11.939656,Device_6,23.530953289171194,24.704633683611902
2025-01-14 17:55:11.939668,Device_7,29.73811755952533,97.70613395574567
2025-01-14 17:55:11.939682,Device_8,32.375894897630715,92.73370779291923
2025-01-14 17:55:11.939695,Device_9,35.10183667604977,85.08808271678657
2025-01-14 17:55:11.939716,Device_10,31.0421466703096,57.032128177483216
2025-01-14 17:55:12.940876,Device_1,19.90086688365632,114.99764030568112
2025-01-14 17:55:12.941033,Device_2,25.263175534719284,118.856397833374
2025-01-14 17:55:12.941050,Device_3,23.36597913273267,89.82196990744357
2025-01-14 17:55:12.941065,Device_4,27.7604733380704,103.29922654861049
2025-01-14 17:55:12.941077,Device_5,26.787916234819225,90.13635809046161
2025-01-14 17:55:12.941090,Device_6,33.77691378094532,100.76391375157999
2025-01-14 17:55:12.941102,Device_7,25.429535335527213,128.1723625636702
2025-01-14 17:55:12.941117,Device_8,19.10339790082141,36.01804660330569
2025-01-14 17:55:12.941129,Device_9,26.033075295335937,115.43173246501065
2025-01-14 17:55:12.941141,Device_10,24.10034649877196,113.52324085825508
2025-01-14 17:55:13.941782,Device_1,28.760211232821757,88.44968181236823
2025-01-14 17:55:13.941868,Device_2,29.142030101434965,74.31154192120454
2025-01-14 17:55:13.941876,Device_3,32.66981773227448,79.04967377466686
2025-01-14 17:55:13.941881,Device_4,21.723373968754075,94.59122837813432
2025-01-14 17:55:13.941886,Device_5,28.543521555169782,94.86709987853992
2025-01-14 17:55:13.941890,Device_6,23.977489688291673,145.225315393819
2025-01-14 17:55:13.941895,Device_7,21.95408484475011,122.52883300496319
2025-01-14 17:55:13.941900,Device_8,20.355570929123257,110.6984711103148
2025-01-14 17:55:13.941905,Device_9,25.506686023326917,86.82443726029274
2025-01-14 17:55:13.941909,Device_10,28.194052527694105,91.52638214662265
2025-01-14 17:55:14.946999,Device_1,29.768964576691857,132.7423539709209
2025-01-14 17:55:14.947183,Device_2,31.790969290413006,104.82954125263808
2025-01-14 17:55:14.947201,Device_3,30.060189545900425,92.56860024498673
2025-01-14 17:55:14.947215,Device_4,23.349399336916367,101.03062198720384
2025-01-14 17:55:14.947228,Device_5,29.997809393497157,104.88692451033185
2025-01-14 17:55:14.947241,Device_6,21.477084902930805,79.46290014533062
2025-01-14 17:55:14.947254,Device_7,25.709742954456097,133.70511791219312
2025-01-14 17:55:14.947268,Device_8,35.311790784970064,93.57150799801036
2025-01-14 17:55:14.947281,Device_9,31.361812890673367,99.6720389204467
2025-01-14 17:55:14.947294,Device_10,31.953754893325744,111.63857376391248
2025-01-14 17:55:15.952398,Device_1,27.365312960416585,152.31675863279654
2025-01-14 17:55:15.952586,Device_2,21.450937815136708,86.92425757276344
2025-01-14 17:55:15.952604,Device_3,34.313071827045974,90.89097569637435
2025-01-14 17:55:15.952619,Device_4,22.635345440701585,108.7688347626864
2025-01-14 17:55:15.952632,Device_5,28.870777193746154,121.51489666144062
2025-01-14 17:55:15.952646,Device_6,28.682028120668758,103.52344710187987
2025-01-14 17:55:15.952659,Device_7,26.353972249985215,107.53313668168666
2025-01-14 17:55:15.952673,Device_8,30.523741576428815,113.57239629104193
2025-01-14 17:55:15.952686,Device_9,26.912985026471848,85.41989645445902
2025-01-14 17:55:15.952699,Device_10,33.30740467584188,87.61170396523006
2025-01-14 17:55:16.956776,Device_1,22.089127828002397,121.34990853772028
2025-01-14 17:55:16.956936,Device_2,27.659880620163477,84.72859490486772
2025-01-14 17:55:16.956952,Device_3,22.714422966344106,76.3186671090485
2025-01-14 17:55:16.956975,Device_4,18.602561541221075,95.83263484187962
2025-01-14 17:55:16.957012,Device_5,29.84911047149485,101.0701960852215
2025-01-14 17:55:16.957027,Device_6,21.143685658431966,76.45182953620507
2025-01-14 17:55:16.957039,Device_7,19.532319021413166,106.21399108560082
2025-01-14 17:55:16.957053,Device_8,20.290555917354208,105.38369887175101
2025-01-14 17:55:16.957065,Device_9,29.279025067851943,105.92614246664616
2025-01-14 17:55:16.957078,Device_10,23.485700580927208,78.088281075356
2025-01-14 17:55:17.962181,Device_1,20.514861331838723,80.43440882463169
2025-01-14 17:55:17.962341,Device_2,32.04384379098773,70.44335099471768
2025-01-14 17:55:17.962357,Device_3,28.01505688482067,117.16817523528509
2025-01-14 17:55:17.962371,Device_4,18.560421720365774,114.73830295094514
2025-01-14 17:55:17.962383,Device_5,28.346498412315828,96.81292873630512
2025-01-14 17:55:17.962395,Device_6,24.202514391745463,100.2305333228256
2025-01-14 17:55:17.962408,Device_7,23.56543452880082,104.86536532564875
2025-01-14 17:55:17.962421,Device_8,24.561939280573526,37.22465588162454
2025-01-14 17:55:17.962432,Device_9,20.604058646369324,135.8106810145336
2025-01-14 17:55:17.962445,Device_10,21.42821132819625,81.49866281049276
2025-01-14 17:55:18.967546,Device_1,32.84343321358845,105.7936837532199
2025-01-14 17:55:18.967705,Device_2,27.716861352592463,131.27172856475013
2025-01-14 17:55:18.967721,Device_3,28.525709829564313,63.305896483933076
2025-01-14 17:55:18.967736,Device_4,32.41192970813662,94.72885906736752
2025-01-14 17:55:18.967749,Device_5,27.017001328192897,108.07041243214601
2025-01-14 17:55:18.967787,Device_6,26.593731957683534,110.8741056644789
2025-01-14 17:55:18.967800,Device_7,21.468293886932287,84.33531832332645
2025-01-14 17:55:18.967812,Device_8,24.70026340291156,95.96127292135986
2025-01-14 17:55:18.967826,Device_9,19.27138527958368,122.4098148000067
2025-01-14 17:55:18.967837,Device_10,23.316330067134654,126.85163758292113
2025-01-14 17:55:19.970864,Device_1,30.780115150002093,123.53613456044775
2025-01-14 17:55:19.971018,Device_2,29.816576396753103,114.93012155964327
2025-01-14 17:55:19.971036,Device_3,25.62642802274912,101.43593432981169
2025-01-14 17:55:19.971050,Device_4,16.986074279464003,104.08616177025702
2025-01-14 17:55:19.971065,Device_5,31.761341064991264,89.08968526307365
2025-01-14 17:55:19.971077,Device_6,27.244543926098903,87.29497740433996
2025-01-14 17:55:19.971090,Device_7,27.71079589657885,106.10649816539717
2025-01-14 17:55:19.971104,Device_8,20.095835139326624,114.91877794260557
2025-01-14 17:55:19.971117,Device_9,19.737490827056707,117.16307649718505
2025-01-14 17:55:19.971129,Device_10,21.976330892163816,81.02933948125043
2025-01-14 17:55:20.976231,Device_1,23.34832466642794,81.17459723443552
2025-01-14 17:55:20.976392,Device_2,36.057290456248616,131.75738548224643
2025-01-14 17:55:20.976410,Device_3,10.235365733657849,121.17428080428438
2025-01-14 17:55:20.976474,Device_4,32.53145533550263,80.68189100265481
2025-01-14 17:55:20.976506,Device_5,28.263174174137013,101.24035819163616
2025-01-14 17:55:20.976521,Device_6,30.1136941404691,93.80448195814681
2025-01-14 17:55:20.976535,Device_7,22.827137781880374,97.00884054596715
2025-01-14 17:55:20.976548,Device_8,17.65673134157889,102.69667073535084
2025-01-14 17:55:20.976561,Device_9,23.287861898384943,71.73286277642401
2025-01-14 17:55:20.976572,Device_10,33.12530371970973,59.888432100648316
2025-01-14 17:55:21.980094,Device_1,20.879544360005696,122.1239377430873
2025-01-14 17:55:21.980304,Device_2,19.854652590740773,120.405602756141
2025-01-14 17:55:21.980314,Device_3,33.62217084975231,116.59974101545154
2025-01-14 17:55:21.980320,Device_4,24.753770443074234,86.09632119100499
2025-01-14 17:55:21.980325,Device_5,30.94696326775816,83.26397943856865
2025-01-14 17:55:21.980329,Device_6,25.178146971330197,86.63350996566938
2025-01-14 17:55:21.980334,Device_7,21.90752078299474,99.49821028013704
2025-01-14 17:55:21.980343,Device_8,21.798201864521307,106.76479879575197
2025-01-14 17:55:21.980351,Device_9,27.214141248050748,121.51018818881651
2025-01-14 17:55:21.980355,Device_10,28.963514286131264,89.81460672072541
2025-01-14 17:55:22.985454,Device_1,23.951900409235098,94.02428429168765
2025-01-14 17:55:22.985634,Device_2,22.838499401488928,109.67839512173511
2025-01-14 17:55:22.985651,Device_3,23.86192445942383,102.39687992082142
2025-01-14 17:55:22.985665,Device_4,14.84422953837353,115.7071473337345
2025-01-14 17:55:22.985680,Device_5,31.576329427746934,135.48474166165283
2025-01-14 17:55:22.985692,Device_6,30.067711608939153,89.91230637406952
2025-01-14 17:55:22.985706,Device_7,26.119558599057754,118.63056485356165
2025-01-14 17:55:22.985720,Device_8,24.61821565678555,88.40019415177551
2025-01-14 17:55:22.985734,Device_9,26.934888384621093,120.32922235404953
2025-01-14 17:55:22.985746,Device_10,30.018540932271655,111.34033016486232
2025-01-14 17:55:23.990859,Device_1,29.420911659994665,93.25811635081935
2025-01-14 17:55:23.991050,Device_2,24.430566474824694,116.56985639485228
2025-01-14 17:55:23.991067,Device_3,27.124286785490415,44.41088872661407
2025-01-14 17:55:23.991085,Device_4,20.938706889334217,87.44748378337889
2025-01-14 17:55:23.991099,Device_5,25.60374546813896,110.8790900291733
2025-01-14 17:55:23.991111,Device_6,23.76775033534601,88.41821424150771
2025-01-14 17:55:23.991125,Device_7,31.868287532296993,108.57265388408636
2025-01-14 17:55:23.991140,Device_8,25.673042855947504,133.95441079493986
2025-01-14 17:55:23.991153,Device_9,22.495017289740165,98.32867340553571
2025-01-14 17:55:23.991165,Device_10,24.44980021036258,93.04433123403857
2025-01-14 17:55:24.996268,Device_1,20.21962331112075,84.46591974473846
2025-01-14 17:55:24.996453,Device_2,25.18503790724803,117.65582733582787
2025-01-14 17:55:24.996471,Device_3,21.23425410311295,108.66345400015676
2025-01-14 17:55:24.996486,Device_4,27.975497283168878,71.3435837275457
2025-01-14 17:55:24.996500,Device_5,24.58263299710719,145.6681890810687
2025-01-14 17:55:24.996513,Device_6,23.226769478085952,89.24781165627618
2025-01-14 17:55:24.996526,Device_7,18.959179431709007,99.8527165967104
2025-01-14 17:55:24.996540,Device_8,19.190028597003078,87.34988508476026
2025-01-14 17:55:24.996553,Device_9,25.031514002870107,98.39223495603856
2025-01-14 17:55:24.996566,Device_10,15.847619189412463,106.46805983713465
2025-01-14 17:55:26.001670,Device_1,22.315278109299744,114.18681825391594
2025-01-14 17:55:26.001849,Device_2,26.759314801806635,79.80963442179696
2025-01-14 17:55:26.001867,Device_3,25.983202669637492,116.81687860639488
2025-01-14 17:55:26.001882,Device_4,24.11967026823955,79.73985765982673
2025-01-14 17:55:26.001896,Device_5,28.15762046419145,125.88597020390236
2025-01-14 17:55:26.001909,Device_6,23.698350403269192,118.396508239835
2025-01-14 17:55:26.001924,Device_7,23.77829993276444,76.87364179329741
2025-01-14 17:55:26.001939,Device_8,22.80374369178022,118.3450613496704
2025-01-14 17:55:26.001979,Device_9,24.577748518801098,96.52631452566962
2025-01-14 17:55:26.001993,Device_10,28.899465628214774,110.13095561117447
2025-01-14 17:55:27.004206,Device_1,27.897920906462257,99.471884187512
2025-01-14 17:55:27.004380,Device_2,25.986143449685613,82.9985280600627
2025-01-14 17:55:27.004399,Device_3,28.168847047666695,101.58435560351506
2025-01-14 17:55:27.004413,Device_4,23.42681919689039,150.23328995997718
2025-01-14 17:55:27.004428,Device_5,20.54198326285312,117.88790417249884
2025-01-14 17:55:27.004441,Device_6,20.93885422548125,132.9214197219614
2025-01-14 17:55:27.004456,Device_7,26.637736643713808,121.4417250748709
2025-01-14 17:55:27.004565,Device_8,30.26230314371027,124.22019554208909
2025-01-14 17:55:27.004584,Device_9,17.081003417221744,107.93670005569344
2025-01-14 17:55:27.004597,Device_10,18.687843779097083,82.30248831756207
2025-01-14 17:55:28.009735,Device_1,27.642352615355474,75.44318480361115
2025-01-14 17:55:28.009927,Device_2,22.187821972992264,107.00192332039296
2025-01-14 17:55:28.009945,Device_3,22.390908331741947,100.61571562475733
2025-01-14 17:55:28.009960,Device_4,22.199926990925885,113.44015721341766
2025-01-14 17:55:28.009973,Device_5,24.050622538096615,104.59637371879286
2025-01-14 17:55:28.009987,Device_6,26.44723756070692,103.50913100802057
2025-01-14 17:55:28.010001,Device_7,21.9093623601903,108.152653436837
2025-01-14 17:55:28.010016,Device_8,17.744762464372844,126.09305551076704
2025-01-14 17:55:28.010029,Device_9,27.05952268228206,116.7203050545177
2025-01-14 17:55:28.010041,Device_10,27.4005263755653,88.89724688017209
2025-01-14 17:55:29.011310,Device_1,21.44927294362275,102.45187113310047
2025-01-14 17:55:29.011388,Device_2,26.247429728966402,88.27414849626818
2025-01-14 17:55:29.011396,Device_3,21.640711220590116,110.77007118696748
2025-01-14 17:55:29.011401,Device_4,25.192677214815063,104.54447081540637
2025-01-14 17:55:29.011407,Device_5,30.714690386381008,106.31114170536559
2025-01-14 17:55:29.011412,Device_6,32.1803039648414,98.17888962904733
2025-01-14 17:55:29.011417,Device_7,25.29238161479513,100.5289893655451
2025-01-14 17:55:29.011422,Device_8,21.247061767409516,111.25994440610256
2025-01-14 17:55:29.011427,Device_9,22.378903228294316,132.50574859165113
2025-01-14 17:55:29.011432,Device_10,21.949435485581677,88.23041395177377
2025-01-14 17:55:30.016506,Device_1,22.84980526070413,88.01256410539725
2025-01-14 17:55:30.016620,Device_2,25.864064419314314,115.14412768957034
2025-01-14 17:55:30.016638,Device_3,18.45963294016866,74.0555491211778
2025-01-14 17:55:30.016651,Device_4,23.3865127010699,86.41855598951935
2025-01-14 17:55:30.016668,Device_5,17.70469597382316,84.69563185694918
2025-01-14 17:55:30.016681,Device_6,26.243530007655473,88.8542839619831
2025-01-14 17:55:30.016698,Device_7,20.202296112969712,120.78315544269014
2025-01-14 17:55:30.016714,Device_8,24.13092067606862,78.3939459996309
2025-01-14 17:55:30.016731,Device_9,24.048809711505218,77.30044042600323
2025-01-14 17:55:30.016743,Device_10,18.494000062918598,93.04991011140915
2025-01-14 17:55:31.019610,Device_1,23.35584539407127,119.35379406295324
2025-01-14 17:55:31.019790,Device_2,26.946683960246105,101.5178871015709
2025-01-14 17:55:31.019808,Device_3,24.114219723712857,102.09959147273034
2025-01-14 17:55:31.019822,Device_4,24.19487271658601,125.66666041413798
2025-01-14 17:55:31.019847,Device_5,18.317612382715506,112.05995258908592
2025-01-14 17:55:31.019861,Device_6,24.727080942643088,91.02597376760983
2025-01-14 17:55:31.019875,Device_7,30.22226947286975,126.97683854529495
2025-01-14 17:55:31.019887,Device_8,21.077635849622716,76.51427910345075
2025-01-14 17:55:31.019902,Device_9,20.649723645377588,79.92399124435556
2025-01-14 17:55:31.019915,Device_10,28.028299028647783,72.95216921949466
2025-01-14 17:55:32.022502,Device_1,34.70468840562609,100.77002064804428
2025-01-14 17:55:32.022697,Device_2,23.916827899742888,130.46073366521352
2025-01-14 17:55:32.022717,Device_3,17.808388639387406,135.38776626241605
2025-01-14 17:55:32.022735,Device_4,15.1644455581759,86.51594897228466
2025-01-14 17:55:32.022749,Device_5,21.652111774803533,101.41609845547043
2025-01-14 17:55:32.022764,Device_6,23.705772615961052,87.65397398402342
2025-01-14 17:55:32.022779,Device_7,30.772609701325617,90.12972192097449
2025-01-14 17:55:32.022795,Device_8,21.274631598061724,88.07764249454362
2025-01-14 17:55:32.022809,Device_9,35.36528060428242,104.98776934521034
2025-01-14 17:55:32.022820,Device_10,14.772896127720724,111.71946316918078
2025-01-14 17:55:33.027942,Device_1,24.50886069115818,76.00196668700569
2025-01-14 17:55:33.028099,Device_2,23.11374282088439,153.77296762907045
2025-01-14 17:55:33.028115,Device_3,20.42560602899984,127.76049744268418
2025-01-14 17:55:33.028129,Device_4,22.28387750005656,82.99509542830094
2025-01-14 17:55:33.028143,Device_5,23.08818211330012,76.8943540159092
2025-01-14 17:55:33.028156,Device_6,29.19378668101076,134.15563693187437
2025-01-14 17:55:33.028169,Device_7,29.543367013717397,140.66129978376043
2025-01-14 17:55:33.028183,Device_8,28.155142397648177,90.89598836640785
2025-01-14 17:55:33.028198,Device_9,25.150359854954996,87.54458795514105
2025-01-14 17:55:33.028210,Device_10,23.902978426962086,137.3520264060878
2025-01-14 17:55:34.033312,Device_1,15.175187826707642,88.58582061560784
2025-01-14 17:55:34.033509,Device_2,20.053053021959673,80.97545284279072
2025-01-14 17:55:34.033527,Device_3,22.322893472070945,69.26720993254365
2025-01-14 17:55:34.033542,Device_4,26.88564351008373,123.4191418687564
2025-01-14 17:55:34.033573,Device_5,29.044606956318674,67.92041589158272
2025-01-14 17:55:34.033588,Device_6,30.30420922740616,67.0062937602391
2025-01-14 17:55:34.033601,Device_7,26.386606903072867,126.33463764732295
2025-01-14 17:55:34.033614,Device_8,33.219215779716286,79.66762453312688
2025-01-14 17:55:34.033627,Device_9,27.31305410709975,58.228716913495646
2025-01-14 17:55:34.033638,Device_10,26.00729625874275,121.62876632333851
2025-01-14 17:55:35.038761,Device_1,34.10860714453596,93.80465462455112
2025-01-14 17:55:35.038924,Device_2,21.37012401019272,126.94155219509473
2025-01-14 17:55:35.038940,Device_3,26.335928217500186,84.43339341384873
2025-01-14 17:55:35.038955,Device_4,18.31010695173791,76.26399366085225
2025-01-14 17:55:35.038968,Device_5,16.16830151116009,111.19893120291563
2025-01-14 17:55:35.038979,Device_6,14.615487565043956,80.9473256924049
2025-01-14 17:55:35.038993,Device_7,20.997256188928944,109.08994042452123
2025-01-14 17:55:35.039006,Device_8,27.69435485986283,128.6410822469716
2025-01-14 17:55:35.039018,Device_9,23.732282916970938,104.6461712241414
2025-01-14 17:55:35.039030,Device_10,25.564474434037173,107.76288499931655
2025-01-14 17:55:36.041863,Device_1,29.94011856514597,83.72802756661987
2025-01-14 17:55:36.041969,Device_2,15.244539603310242,112.12262303724789
2025-01-14 17:55:36.041986,Device_3,25.94050707573651,89.19327534385025
2025-01-14 17:55:36.041999,Device_4,25.80063706457183,122.18317981341207
2025-01-14 17:55:36.042012,Device_5,18.6101800721628,137.8476413905747
2025-01-14 17:55:36.042024,Device_6,29.964067576337666,108.69573039876602
2025-01-14 17:55:36.042035,Device_7,22.15556910393153,94.01752747801233
2025-01-14 17:55:36.042047,Device_8,18.788540138293634,113.10504751075224
2025-01-14 17:55:36.042060,Device_9,22.33318338364767,102.91562596612064
2025-01-14 17:55:36.042071,Device_10,25.45180512830637,71.74407887401618
2025-01-14 17:55:37.045941,Device_1,34.04551518863078,100.90579378884944
2025-01-14 17:55:37.046129,Device_2,29.231474544666057,103.18075775932304
2025-01-14 17:55:37.046146,Device_3,24.765847885436436,100.12236194023284
2025-01-14 17:55:37.046160,Device_4,26.017771494594438,89.65960785927112
2025-01-14 17:55:37.046173,Device_5,18.38531615396078,95.4029319212507
2025-01-14 17:55:37.046185,Device_6,25.568057941332114,128.0651106564214
2025-01-14 17:55:37.046200,Device_7,30.950048539699672,112.89439756752368
2025-01-14 17:55:37.046219,Device_8,31.928473334746172,97.16661324743995
2025-01-14 17:55:37.046231,Device_9,30.290224066932787,100.6025289569971
2025-01-14 17:55:37.046242,Device_10,21.8519215947636,60.55740339479593
2025-01-14 17:55:38.051341,Device_1,31.308491093021303,115.5581921406604
2025-01-14 17:55:38.051524,Device_2,32.48922397686244,91.69068704049722
2025-01-14 17:55:38.051541,Device_3,26.005543369738227,63.6550999863896
2025-01-14 17:55:38.051554,Device_4,27.48092866379142,88.24728300666415
2025-01-14 17:55:38.051568,Device_5,26.569043664761853,132.083600993464
2025-01-14 17:55:38.051586,Device_6,26.698810173452134,126.79605593843493
2025-01-14 17:55:38.051599,Device_7,23.36047959390759,90.16412195926635
2025-01-14 17:55:38.051612,Device_8,18.1523098041907,109.85760161434783
2025-01-14 17:55:38.051624,Device_9,23.424424478978363,99.07705936654811
2025-01-14 17:55:38.051637,Device_10,33.95468589862317,113.02417810073227
2025-01-14 17:55:39.054790,Device_1,24.340406740719047,118.63377319052486
2025-01-14 17:55:39.054951,Device_2,23.348305039611205,69.88806603642597
2025-01-14 17:55:39.054968,Device_3,21.623918803969513,86.73766438269851
2025-01-14 17:55:39.054991,Device_4,23.217780810278285,94.50289147350225
2025-01-14 17:55:39.055003,Device_5,28.910860606245325,77.31398294165767
2025-01-14 17:55:39.055039,Device_6,27.91800577855799,104.89224148600385
2025-01-14 17:55:39.055053,Device_7,22.976290948425113,81.40970402830813
2025-01-14 17:55:39.055065,Device_8,31.055943801144196,80.43845093964924
2025-01-14 17:55:39.055077,Device_9,26.31089847349682,97.82770482814314
2025-01-14 17:55:39.055088,Device_10,34.89921214286802,114.73466784075605
2025-01-14 17:55:40.056939,Device_1,31.10164415187719,83.40950481754432
2025-01-14 17:55:40.057061,Device_2,23.382330820384762,72.95947748154119
2025-01-14 17:55:40.057078,Device_3,29.653317157204693,100.03212368807344
2025-01-14 17:55:40.057093,Device_4,17.35231646368438,44.71881039454588
2025-01-14 17:55:40.057107,Device_5,31.668463468705372,108.84515631650758
2025-01-14 17:55:40.057119,Device_6,19.018935805572553,90.08871527585158
2025-01-14 17:55:40.057132,Device_7,30.677345001419514,44.30928942093668
2025-01-14 17:55:40.057145,Device_8,27.94144507010979,95.72403136459036
2025-01-14 17:55:40.057158,Device_9,26.890977200523622,112.45977030911838
2025-01-14 17:55:40.057170,Device_10,21.30245167206486,140.3397645386213
2025-01-14 17:55:41.062271,Device_1,29.584063451120066,112.17089991511818
2025-01-14 17:55:41.062468,Device_2,30.482309676795815,103.27383347982884
2025-01-14 17:55:41.062485,Device_3,24.7215770039783,115.64502724896957
2025-01-14 17:55:41.062568,Device_4,25.72284548090469,95.89036208222268
2025-01-14 17:55:41.062585,Device_5,24.996289911666416,109.44766360283731
2025-01-14 17:55:41.062598,Device_6,27.965069644618563,102.47810647896988
2025-01-14 17:55:41.062611,Device_7,25.892903671283122,98.71574537564614
2025-01-14 17:55:41.062624,Device_8,19.10923292967859,116.72500339858888
2025-01-14 17:55:41.062636,Device_9,23.582961926423156,109.82750325658466
2025-01-14 17:55:41.062648,Device_10,20.989804004003286,103.78364891565495
